﻿<Ui xmlns:xsi="http://www.w3.org/2001/XMLSchema-instance" xmlns:xsd="http://www.w3.org/2001/XMLSchema" xmlns="http://www.blizzard.com/wow/ui/">
	<Script file="Equipment.lua"></Script>

	<Button name="EquipmentEntryTemplate" virtual="true">
		<Size>
			<AbsDimension x="618" y="41"/>
		</Size>
		<Layers>
			<Layer level="BACKGROUND">
				<FontString name="$parentName" inherits="GameFontNormal" justifyH="RIGHT" justifyV="MIDDLE">
					<Size>
						<AbsDimension x="120" y="32"/>
					</Size>
					<Anchors>
						<Anchor point="TOPLEFT">
							<Offset>
								<AbsDimension x="43" y="0"/>
							</Offset>
						</Anchor>
					</Anchors>
				</FontString>
			</Layer>
		</Layers>
		<Frames>
			<Button name="$parentItem1" inherits="BagItemTemplate" />
			<Button name="$parentItem2" inherits="BagItemTemplate" />
			<Button name="$parentItem3" inherits="BagItemTemplate" />
			<Button name="$parentItem4" inherits="BagItemTemplate" />
			<Button name="$parentItem5" inherits="BagItemTemplate" />
			<Button name="$parentItem6" inherits="BagItemTemplate" />
			<Button name="$parentItem7" inherits="BagItemTemplate" />
			<Button name="$parentItem8" inherits="BagItemTemplate" />
			<Button name="$parentItem9" inherits="BagItemTemplate" />
			<Button name="$parentItem10" inherits="BagItemTemplate" />
		</Frames>
	</Button>

	<Frame name="AltoholicFrameEquipment" parent="AltoholicTabCharacters" hidden="true">
		<Size>
			<AbsDimension x="615" y="306"/>
		</Size>
		<Anchors>
			<Anchor point="TOPRIGHT">
				<Offset>
					<AbsDimension x="39" y="-105"/>
				</Offset>
			</Anchor>
		</Anchors>
		<Frames>
			<Frame name="$parentRightClickMenu" inherits="UIDropDownMenuTemplate" id="1" hidden="true">
				<Size>
					<AbsDimension x="100" y="40"/>
				</Size>
				<Scripts>
					<OnLoad>
						UIDropDownMenu_Initialize(this, Equipment_RightClickMenu_OnLoad, "MENU");
					</OnLoad>
				</Scripts>
			</Frame>
			<ScrollFrame name="$parentScrollFrame" inherits="FauxScrollFrameTemplate">
				<Anchors>
					<Anchor point="TOPLEFT" />
					<Anchor point="BOTTOMRIGHT" />
				</Anchors>
				<Layers>
					<Layer level="ARTWORK">
						<Texture file="Interface\PaperDollInfoFrame\UI-Character-ScrollBar">
							<Size>
								<AbsDimension x="31" y="256"/>
							</Size>
							<Anchors>
								<Anchor point="TOPLEFT" relativePoint="TOPRIGHT">
									<Offset>
										<AbsDimension x="-2" y="5"/>
									</Offset>
								</Anchor>
							</Anchors>
							<TexCoords left="0" right="0.484375" top="0" bottom="1.0"/>
						</Texture>
						<Texture file="Interface\PaperDollInfoFrame\UI-Character-ScrollBar">
							<Size>
								<AbsDimension x="31" y="106"/>
							</Size>
							<Anchors>
								<Anchor point="BOTTOMLEFT" relativePoint="BOTTOMRIGHT">
									<Offset>
										<AbsDimension x="-2" y="0"/>
									</Offset>
								</Anchor>
							</Anchors>
							<TexCoords left="0.515625" right="1.0" top="0" bottom="0.4140625"/>
						</Texture>
					</Layer>
				</Layers>
				<Scripts>
					<OnVerticalScroll>
						FauxScrollFrame_OnVerticalScroll(41, function(self) 
							Altoholic:Equipment_Update();
						end)
					</OnVerticalScroll>
				</Scripts>
			</ScrollFrame>
		</Frames>
	</Frame>
	
</Ui>