﻿<Ui xmlns:xsi="http://www.w3.org/2001/XMLSchema-instance" xmlns:xsd="http://www.w3.org/2001/XMLSchema" xmlns="http://www.blizzard.com/wow/ui/">
	<Script file="Skills.lua"></Script>

	<Button name="SkillButtonTemplate" virtual="true">
		<Size>
			<AbsDimension x="60" y="18"/>
		</Size>
		<ButtonText name="$parentNormalText" justifyH="CENTER">
			<Size>
				<AbsDimension x="60" y="18"/>
			</Size>
			<Anchors>
				<Anchor point="LEFT">
					<Offset>
						<AbsDimension x="0" y="0"/>
					</Offset>
				</Anchor>
			</Anchors>
		</ButtonText>
		<Scripts>
			<OnEnter>
				Altoholic_Skill_OnEnter(this)
			</OnEnter>
			<OnLeave>
				AltoTooltip:Hide();
			</OnLeave>
		</Scripts>
		<NormalFont inherits="GameFontNormalSmall" justifyH="LEFT"/>
		<HighlightFont inherits="GameFontHighlightSmall" justifyH="LEFT"/>
	</Button>
	
	<Button name="SkillsTemplate" virtual="true">
		<Size>
			<AbsDimension x="615" y="22"/>
		</Size>
		<Layers>
			<Layer level="BACKGROUND">
				<FontString name="$parentName" inherits="GameFontNormalSmall" justifyH="LEFT">
					<Size>
						<AbsDimension x="70" y="18"/>
					</Size>
					<Anchors>
						<Anchor point="TOPLEFT">
							<Offset>
								<AbsDimension x="25" y="0"/>
							</Offset>
						</Anchor>
					</Anchors>
				</FontString>
			</Layer>
		</Layers>
		<Frames>
			<Button name="$parentCollapse" hidden="true">
				<Size>
					<AbsDimension x="16" y="16"/>
				</Size>
				<Anchors>
					<Anchor point="LEFT">
						<Offset>
							<AbsDimension x="5" y="0"/>
						</Offset>
					</Anchor>
				</Anchors>
				<Scripts>
					<OnClick>
						local id = this:GetParent():GetID()
						if id ~= 0 then
							local s = Altoholic.CharacterInfo[id]
							if s.isCollapsed ~= nil then
								if s.isCollapsed == true then
									s.isCollapsed = false
								else
									s.isCollapsed = true
								end
							end
						end
						Altoholic:Skills_Update()
					</OnClick>
				</Scripts>
				<NormalTexture name="$parentIcon" file="Interface\Buttons\UI-MinusButton-UP" />
				<HighlightTexture file="Interface\Buttons\UI-PlusButton-Hilight" alphaMode="ADD" />
			</Button>
			
			<Button name="$parentLevel" inherits="SkillButtonTemplate" id="7">
				<Anchors>
					<Anchor point="BOTTOMLEFT" relativeTo="$parentName" relativePoint="BOTTOMRIGHT">
						<Offset>
							<AbsDimension x="5" y="0"/>
						</Offset>
					</Anchor>
				</Anchors>
			</Button>
			<Button name="$parentSkill1" inherits="SkillButtonTemplate" id="1">
				<Anchors>
					<Anchor point="BOTTOMLEFT" relativeTo="$parentLevel" relativePoint="BOTTOMRIGHT">
						<Offset>
							<AbsDimension x="5" y="0"/>
						</Offset>
					</Anchor>
				</Anchors>
			</Button>
			<Button name="$parentSkill2" inherits="SkillButtonTemplate" id="2">
				<Anchors>
					<Anchor point="BOTTOMLEFT" relativeTo="$parentSkill1" relativePoint="BOTTOMRIGHT">
						<Offset>
							<AbsDimension x="5" y="0"/>
						</Offset>
					</Anchor>
				</Anchors>
			</Button>
			<Button name="$parentCooking" inherits="SkillButtonTemplate" id="3">
				<Anchors>
					<Anchor point="BOTTOMLEFT" relativeTo="$parentSkill2" relativePoint="BOTTOMRIGHT">
						<Offset>
							<AbsDimension x="5" y="0"/>
						</Offset>
					</Anchor>
				</Anchors>
			</Button>
			<Button name="$parentFirstAid" inherits="SkillButtonTemplate" id="4">
				<Anchors>
					<Anchor point="BOTTOMLEFT" relativeTo="$parentCooking" relativePoint="BOTTOMRIGHT">
						<Offset>
							<AbsDimension x="5" y="0"/>
						</Offset>
					</Anchor>
				</Anchors>
			</Button>
			<Button name="$parentFishing" inherits="SkillButtonTemplate" id="5">
				<Anchors>
					<Anchor point="BOTTOMLEFT" relativeTo="$parentFirstAid" relativePoint="BOTTOMRIGHT">
						<Offset>
							<AbsDimension x="5" y="0"/>
						</Offset>
					</Anchor>
				</Anchors>
			</Button>
			<Button name="$parentRiding" inherits="SkillButtonTemplate" id="6">
				<Anchors>
					<Anchor point="BOTTOMLEFT" relativeTo="$parentFishing" relativePoint="BOTTOMRIGHT">
						<Offset>
							<AbsDimension x="5" y="0"/>
						</Offset>
					</Anchor>
				</Anchors>
			</Button>
		</Frames>
	</Button>

	<Frame name="AltoholicFrameSkills" parent="AltoholicTabSummary" hidden="true">
		<Size>
			<AbsDimension x="615" y="306"/>
		</Size>
		<Anchors>
			<Anchor point="TOPRIGHT">
				<Offset>
					<AbsDimension x="39" y="-105"/>
				</Offset>
			</Anchor>
		</Anchors>
		<Frames>
			<ScrollFrame name="$parentScrollFrame" inherits="FauxScrollFrameTemplate">
				<Anchors>
					<Anchor point="TOPLEFT" />
					<Anchor point="BOTTOMRIGHT" />
				</Anchors>
				<Layers>
					<Layer level="ARTWORK">
						<Texture file="Interface\PaperDollInfoFrame\UI-Character-ScrollBar">
							<Size>
								<AbsDimension x="31" y="256"/>
							</Size>
							<Anchors>
								<Anchor point="TOPLEFT" relativePoint="TOPRIGHT">
									<Offset>
										<AbsDimension x="-2" y="5"/>
									</Offset>
								</Anchor>
							</Anchors>
							<TexCoords left="0" right="0.484375" top="0" bottom="1.0"/>
						</Texture>
						<Texture file="Interface\PaperDollInfoFrame\UI-Character-ScrollBar">
							<Size>
								<AbsDimension x="31" y="106"/>
							</Size>
							<Anchors>
								<Anchor point="BOTTOMLEFT" relativePoint="BOTTOMRIGHT">
									<Offset>
										<AbsDimension x="-2" y="0"/>
									</Offset>
								</Anchor>
							</Anchors>
							<TexCoords left="0.515625" right="1.0" top="0" bottom="0.4140625"/>
						</Texture>
					</Layer>
				</Layers>
				<Scripts>
					<OnVerticalScroll>
						FauxScrollFrame_OnVerticalScroll(18, function(self) 
							Altoholic:Skills_Update();
						end)
					</OnVerticalScroll>
				</Scripts>
			</ScrollFrame>
		</Frames>
	</Frame>
	
</Ui>