﻿<Ui xmlns:xsi="http://www.w3.org/2001/XMLSchema-instance" xmlns:xsd="http://www.w3.org/2001/XMLSchema" xmlns="http://www.blizzard.com/wow/ui/">

	<Button name="GuildBankMenuItemTemplate" inherits="MenuItemTemplate" virtual="true">
		<Size>
			<AbsDimension x="156" y="20"/>
		</Size>
		<Scripts>
			<OnClick>
				for i=1, 5 do 
					_G[ "AltoholicTabGuildBankMenuItem"..i ]:UnlockHighlight();
				end
				_G[ "AltoholicTabGuildBankMenuItem"..this:GetID() ]:LockHighlight();
				Altoholic:DrawGuildBankTab(this:GetID())
			</OnClick>
		</Scripts>
	</Button>

	<Frame name="AltoholicTabGuildBank" parent="AltoholicFrame" hidden="true">
		<Size>
			<AbsDimension x="758" y="447"/>
		</Size>
		<Anchors>
			<Anchor point="TOPLEFT">
				<Offset x="0" y="0" />
			</Anchor>
		</Anchors>
		<Layers>
			<Layer level="OVERLAY">
				<FontString name="$parentText1" inherits="GameFontNormalSmall" justifyH="LEFT" text="GUILD">
					<Size>
						<AbsDimension x="100" y="18"/>
					</Size>
					<Anchors>
						<Anchor point="TOPLEFT">
							<Offset>
								<AbsDimension x="35" y="-105"/>
							</Offset>
						</Anchor>
					</Anchors>
				</FontString>
				<FontString name="$parentText2" inherits="GameFontNormalSmall" justifyH="LEFT" text="GUILDBANK_TAB_COLON">
					<Size>
						<AbsDimension x="100" y="18"/>
					</Size>
					<Anchors>
						<Anchor point="TOPLEFT">
							<Offset>
								<AbsDimension x="35" y="-155"/>
							</Offset>
						</Anchor>
					</Anchors>
				</FontString>
				<FontString name="$parentStatus" inherits="GameFontNormal" justifyH="LEFT">
					<Size x="320" y="24" />
					<Anchors>
						<Anchor point="BOTTOMRIGHT">
							<Offset x="-250" y="13" />
						</Anchor>
					</Anchors>
					<Color r="255" g="255" b="255" />
				</FontString>
			</Layer>
		</Layers>
		<Frames>
			<Frame name="$parent_SelectGuild" inherits="UIDropDownMenuTemplate">
				<Anchors>
					<Anchor point="TOPLEFT" relativeTo="$parentText1" relativePoint="BOTTOMLEFT">
						<Offset>
							<AbsDimension x="-25" y="-2"/>
						</Offset>
					</Anchor>
				</Anchors>
				<Scripts>
					<OnLoad>
						UIDropDownMenu_SetWidth(120, this) 
						UIDropDownMenu_SetButtonWidth(20, this)
					</OnLoad>
				</Scripts>
			</Frame>
			<Button name="$parentMenuItem1" inherits="GuildBankMenuItemTemplate" id="1">
				<Anchors>
					<Anchor point="TOPLEFT">
						<Offset>
							<AbsDimension x="23" y="-180"/>
						</Offset>
					</Anchor>
				</Anchors>
			</Button>
			<Button name="$parentMenuItem2" inherits="GuildBankMenuItemTemplate" id="2">
				<Anchors>
					<Anchor point="TOPLEFT" relativeTo="$parentMenuItem1" relativePoint="BOTTOMLEFT">
						<Offset>
							<AbsDimension x="0" y="0"/>
						</Offset>
					</Anchor>
				</Anchors>
			</Button>
			<Button name="$parentMenuItem3" inherits="GuildBankMenuItemTemplate" id="3">
				<Anchors>
					<Anchor point="TOPLEFT" relativeTo="$parentMenuItem2" relativePoint="BOTTOMLEFT">
						<Offset>
							<AbsDimension x="0" y="0"/>
						</Offset>
					</Anchor>
				</Anchors>
			</Button>
			<Button name="$parentMenuItem4" inherits="GuildBankMenuItemTemplate" id="4">
				<Anchors>
					<Anchor point="TOPLEFT" relativeTo="$parentMenuItem3" relativePoint="BOTTOMLEFT">
						<Offset>
							<AbsDimension x="0" y="0"/>
						</Offset>
					</Anchor>
				</Anchors>
			</Button>
			<Button name="$parentMenuItem5" inherits="GuildBankMenuItemTemplate" id="5">
				<Anchors>
					<Anchor point="TOPLEFT" relativeTo="$parentMenuItem4" relativePoint="BOTTOMLEFT">
						<Offset>
							<AbsDimension x="0" y="0"/>
						</Offset>
					</Anchor>
				</Anchors>
			</Button>
			<Button name="$parentMenuItem6" inherits="GuildBankMenuItemTemplate" id="6">
				<Anchors>
					<Anchor point="TOPLEFT" relativeTo="$parentMenuItem5" relativePoint="BOTTOMLEFT">
						<Offset>
							<AbsDimension x="0" y="0"/>
						</Offset>
					</Anchor>
				</Anchors>
			</Button>
		</Frames>
	</Frame>
	
	<Script file="TabGuildBank.lua"></Script>
</Ui>