﻿<Ui xmlns:xsi="http://www.w3.org/2001/XMLSchema-instance" xmlns:xsd="http://www.w3.org/2001/XMLSchema" xmlns="http://www.blizzard.com/wow/ui/">
	
	<Frame name="AltoholicTabSearch" parent="AltoholicFrame" hidden="true">
		<Size>
			<AbsDimension x="758" y="447"/>
		</Size>
		<Anchors>
			<Anchor point="TOPLEFT"/>
		</Anchors>
		<Layers>
			<Layer level="OVERLAY">
				<FontString name="$parentLevelRange" inherits="GameFontNormalSmall" text="XML_TEXT_3">
					<Size x="70" y="20" />
					<Anchors>
						<Anchor point="LEFT" relativeTo="AltoholicFrameSearchLabel" relativePoint="RIGHT" >
							<Offset x="33" y="0" />
						</Anchor>
					</Anchors>
					<Color r="255" g="255" b="255" />
				</FontString>
				<FontString name="$parentRarity" inherits="GameFontNormalSmall" text="XML_TEXT_4">
					<Size x="70" y="20" />
					<Anchors>
						<Anchor point="LEFT" relativeTo="$parentLevelRange" relativePoint="RIGHT" >
							<Offset x="10" y="0" />
						</Anchor>
					</Anchors>
					<Color r="255" g="255" b="255" />
				</FontString>
				<FontString name="$parentSlot" inherits="GameFontNormalSmall" text="XML_TEXT_5">
					<Size x="100" y="20" />
					<Anchors>
						<Anchor point="LEFT" relativeTo="$parentRarity" relativePoint="RIGHT" >
							<Offset x="40" y="0" />
						</Anchor>
					</Anchors>
					<Color r="255" g="255" b="255" />
				</FontString>
				<FontString name="$parentLocation" inherits="GameFontNormalSmall" text="Location">
					<Size x="100" y="20" />
					<Anchors>
						<Anchor point="LEFT" relativeTo="$parentSlot" relativePoint="RIGHT" >
							<Offset x="20" y="0" />
						</Anchor>
					</Anchors>
					<Color r="255" g="255" b="255" />
				</FontString>
				<FontString name="$parentStatus" inherits="GameFontNormal" justifyH="LEFT">
					<Size x="320" y="24" />
					<Anchors>
						<Anchor point="BOTTOMRIGHT">
							<Offset x="-250" y="13" />
						</Anchor>
					</Anchors>
					<Color r="255" g="255" b="255" />
				</FontString>
			</Layer>
		</Layers>
		<Frames>
			<Button name="$parentMenuItem1" inherits="MenuItemTemplate" id="1">
				<Anchors>
					<Anchor point="TOPLEFT">
						<Offset>
							<AbsDimension x="23" y="-105"/>
						</Offset>
					</Anchor>
				</Anchors>
			</Button>
			<Button name="$parentMenuItem2" inherits="MenuItemTemplate" id="2">
				<Anchors>
					<Anchor point="TOPLEFT" relativeTo="$parentMenuItem1" relativePoint="BOTTOMLEFT">
						<Offset>
							<AbsDimension x="0" y="0"/>
						</Offset>
					</Anchor>
				</Anchors>
			</Button>
			<Button name="$parentMenuItem3" inherits="MenuItemTemplate" id="3">
				<Anchors>
					<Anchor point="TOPLEFT" relativeTo="$parentMenuItem2" relativePoint="BOTTOMLEFT">
						<Offset>
							<AbsDimension x="0" y="0"/>
						</Offset>
					</Anchor>
				</Anchors>
			</Button>
			<Button name="$parentMenuItem4" inherits="MenuItemTemplate" id="4">
				<Anchors>
					<Anchor point="TOPLEFT" relativeTo="$parentMenuItem3" relativePoint="BOTTOMLEFT">
						<Offset>
							<AbsDimension x="0" y="0"/>
						</Offset>
					</Anchor>
				</Anchors>
			</Button>
			<Button name="$parentMenuItem5" inherits="MenuItemTemplate" id="5">
				<Anchors>
					<Anchor point="TOPLEFT" relativeTo="$parentMenuItem4" relativePoint="BOTTOMLEFT">
						<Offset>
							<AbsDimension x="0" y="0"/>
						</Offset>
					</Anchor>
				</Anchors>
			</Button>
			<Button name="$parentMenuItem6" inherits="MenuItemTemplate" id="6">
				<Anchors>
					<Anchor point="TOPLEFT" relativeTo="$parentMenuItem5" relativePoint="BOTTOMLEFT">
						<Offset>
							<AbsDimension x="0" y="0"/>
						</Offset>
					</Anchor>
				</Anchors>
			</Button>
			<Button name="$parentMenuItem7" inherits="MenuItemTemplate" id="7">
				<Anchors>
					<Anchor point="TOPLEFT" relativeTo="$parentMenuItem6" relativePoint="BOTTOMLEFT">
						<Offset>
							<AbsDimension x="0" y="0"/>
						</Offset>
					</Anchor>
				</Anchors>
			</Button>
			<Button name="$parentMenuItem8" inherits="MenuItemTemplate" id="8">
				<Anchors>
					<Anchor point="TOPLEFT" relativeTo="$parentMenuItem7" relativePoint="BOTTOMLEFT">
						<Offset>
							<AbsDimension x="0" y="0"/>
						</Offset>
					</Anchor>
				</Anchors>
			</Button>
			<Button name="$parentMenuItem9" inherits="MenuItemTemplate" id="9">
				<Anchors>
					<Anchor point="TOPLEFT" relativeTo="$parentMenuItem8" relativePoint="BOTTOMLEFT">
						<Offset>
							<AbsDimension x="0" y="0"/>
						</Offset>
					</Anchor>
				</Anchors>
			</Button>
			<Button name="$parentMenuItem10" inherits="MenuItemTemplate" id="10">
				<Anchors>
					<Anchor point="TOPLEFT" relativeTo="$parentMenuItem9" relativePoint="BOTTOMLEFT">
						<Offset>
							<AbsDimension x="0" y="0"/>
						</Offset>
					</Anchor>
				</Anchors>
			</Button>
			<Button name="$parentMenuItem11" inherits="MenuItemTemplate" id="11">
				<Anchors>
					<Anchor point="TOPLEFT" relativeTo="$parentMenuItem10" relativePoint="BOTTOMLEFT">
						<Offset>
							<AbsDimension x="0" y="0"/>
						</Offset>
					</Anchor>
				</Anchors>
			</Button>
			<Button name="$parentMenuItem12" inherits="MenuItemTemplate" id="12">
				<Anchors>
					<Anchor point="TOPLEFT" relativeTo="$parentMenuItem11" relativePoint="BOTTOMLEFT">
						<Offset>
							<AbsDimension x="0" y="0"/>
						</Offset>
					</Anchor>
				</Anchors>
			</Button>
			<Button name="$parentMenuItem13" inherits="MenuItemTemplate" id="13">
				<Anchors>
					<Anchor point="TOPLEFT" relativeTo="$parentMenuItem12" relativePoint="BOTTOMLEFT">
						<Offset>
							<AbsDimension x="0" y="0"/>
						</Offset>
					</Anchor>
				</Anchors>
			</Button>
			<Button name="$parentMenuItem14" inherits="MenuItemTemplate" id="14">
				<Anchors>
					<Anchor point="TOPLEFT" relativeTo="$parentMenuItem13" relativePoint="BOTTOMLEFT">
						<Offset>
							<AbsDimension x="0" y="0"/>
						</Offset>
					</Anchor>
				</Anchors>
			</Button>
			<Button name="$parentMenuItem15" inherits="MenuItemTemplate" id="15">
				<Anchors>
					<Anchor point="TOPLEFT" relativeTo="$parentMenuItem14" relativePoint="BOTTOMLEFT">
						<Offset>
							<AbsDimension x="0" y="0"/>
						</Offset>
					</Anchor>
				</Anchors>
			</Button>
			<ScrollFrame name="AltoholicSearchMenuScrollFrame" inherits="FauxScrollFrameTemplate">
				<Size>
					<AbsDimension x="160" y="305"/>
				</Size>
				<Anchors>
					<Anchor point="TOPRIGHT" relativePoint="TOPLEFT">
						<Offset>
							<AbsDimension x="158" y="-105"/>
						</Offset>
					</Anchor>
				</Anchors>
				<Layers>
					<Layer level="ARTWORK">
						<Texture file="Interface\PaperDollInfoFrame\UI-Character-ScrollBar">
							<Size>
								<AbsDimension x="31" y="256"/>
							</Size>
							<Anchors>
								<Anchor point="TOPLEFT" relativePoint="TOPRIGHT">
									<Offset>
										<AbsDimension x="-2" y="5"/>
									</Offset>
								</Anchor>
							</Anchors>
							<TexCoords left="0" right="0.484375" top="0" bottom="1.0"/>
						</Texture>
						<Texture file="Interface\PaperDollInfoFrame\UI-Character-ScrollBar">
							<Size>
								<AbsDimension x="31" y="106"/>
							</Size>
							<Anchors>
								<Anchor point="BOTTOMLEFT" relativePoint="BOTTOMRIGHT">
									<Offset>
										<AbsDimension x="-2" y="-2"/>
									</Offset>
								</Anchor>
							</Anchors>
							<TexCoords left="0.515625" right="1.0" top="0" bottom="0.4140625"/>
						</Texture>
					</Layer>
				</Layers>
				<Scripts>
					<OnVerticalScroll>
						FauxScrollFrame_OnVerticalScroll(20, function(self)
							Altoholic:SearchMenu_Update();
						end)
					</OnVerticalScroll>
					<OnShow>
						Altoholic:SearchMenu_Update();
					</OnShow>
				</Scripts>
			</ScrollFrame>
			
			<EditBox name="$parent_MinLevel" letters="2" numeric="true" autoFocus="false" inherits="InputBoxTemplate">
				<Size x="25" y="16" />
				<Anchors>
					<Anchor point="LEFT" relativeTo="AltoholicFrame_SearchEditBox" relativePoint="RIGHT" >
						<Offset x="10" y="0" />
					</Anchor>
				</Anchors>
				<FontString inherits="ChatFontNormal">
					<Color r="255" g="255" b="255" />
				</FontString>
				<Scripts>
					<OnEnterPressed>
						this:ClearFocus();
					</OnEnterPressed>
				</Scripts>
			</EditBox>
			<EditBox name="$parent_MaxLevel" letters="2" numeric="true" autoFocus="false" inherits="InputBoxTemplate">
				<Size x="25" y="16" />
				<Anchors>
					<Anchor point="LEFT" relativeTo="$parent_MinLevel" relativePoint="RIGHT" >
						<Offset x="12" y="0" />
					</Anchor>
				</Anchors>
				<FontString inherits="ChatFontNormal">
					<Color r="255" g="255" b="255" />
				</FontString>
				<Scripts>
					<OnEnterPressed>
						this:ClearFocus();
					</OnEnterPressed>
				</Scripts>
			</EditBox>
			<Frame name="$parent_SelectRarity" inherits="UIDropDownMenuTemplate">
				<Anchors>
					<Anchor point="LEFT" relativeTo="$parent_MaxLevel" relativePoint="RIGHT">
						<Offset>
							<AbsDimension x="0" y="-5"/>
						</Offset>
					</Anchor>
				</Anchors>
				<Scripts>
					<OnLoad>
						UIDropDownMenu_SetWidth(80, this) 
						UIDropDownMenu_SetButtonWidth(20, this)
					</OnLoad>
				</Scripts>
			</Frame>
			<Frame name="$parent_SelectSlot" inherits="UIDropDownMenuTemplate">
				<Anchors>
					<Anchor point="LEFT" relativeTo="$parent_MaxLevel" relativePoint="RIGHT">
						<Offset>
							<AbsDimension x="110" y="-5"/>
						</Offset>
					</Anchor>
				</Anchors>
				<Scripts>
					<OnLoad>
						UIDropDownMenu_SetWidth(80, this) 
						UIDropDownMenu_SetButtonWidth(20, this)
					</OnLoad>
				</Scripts>
			</Frame>
			<Frame name="$parent_SelectLocation" inherits="UIDropDownMenuTemplate">
				<Anchors>
					<Anchor point="LEFT" relativeTo="$parent_MaxLevel" relativePoint="RIGHT">
						<Offset>
							<AbsDimension x="230" y="-5"/>
						</Offset>
					</Anchor>
				</Anchors>
				<Scripts>
					<OnLoad>
						UIDropDownMenu_SetWidth(100, this) 
						UIDropDownMenu_SetButtonWidth(20, this)
					</OnLoad>
				</Scripts>
			</Frame>			
			
			<Button name="$parent_Sort1" inherits="AltoSortButtonTemplate" hidden="true" id="1" text="XML_ALTO_SEARCH_COL1">
				<Size>
					<AbsDimension x="240" y="19"/>
				</Size>
				<Anchors>
					<Anchor point="TOPLEFT" relativeTo="$parent_MinLevel" relativePoint="BOTTOMLEFT">
						<Offset>
							<AbsDimension x="0" y="-10"/>
						</Offset>
					</Anchor>
				</Anchors>
			</Button>
			<Button name="$parent_Sort2" inherits="AltoSortButtonTemplate" hidden="true" id="2" text="XML_ALTO_CHAR_DD2">
				<Size>
					<AbsDimension x="160" y="19"/>
				</Size>
				<Anchors>
					<Anchor point="LEFT" relativeTo="$parent_Sort1" relativePoint="RIGHT">
						<Offset>
							<AbsDimension x="5" y="0"/>
						</Offset>
					</Anchor>
				</Anchors>
			</Button>
			<Button name="$parent_Sort3" inherits="AltoSortButtonTemplate" hidden="true" id="3" text="XML_ALTO_CHAR_DD1">
				<Size>
					<AbsDimension x="150" y="19"/>
				</Size>
				<Anchors>
					<Anchor point="LEFT" relativeTo="$parent_Sort2" relativePoint="RIGHT">
						<Offset>
							<AbsDimension x="5" y="0"/>
						</Offset>
					</Anchor>
				</Anchors>
			</Button>
			<Button name="$parent_Sort4" inherits="AltoSortButtonTemplate" hidden="true" id="4" text="Dodg">
				<Size>
					<AbsDimension x="50" y="19"/>
				</Size>
				<Anchors>
					<Anchor point="LEFT" relativeTo="$parent_Sort3" relativePoint="RIGHT">
						<Offset>
							<AbsDimension x="0" y="0"/>
						</Offset>
					</Anchor>
				</Anchors>
			</Button>
			<Button name="$parent_Sort5" inherits="AltoSortButtonTemplate" hidden="true" id="5" text="Crit">
				<Size>
					<AbsDimension x="50" y="19"/>
				</Size>
				<Anchors>
					<Anchor point="LEFT" relativeTo="$parent_Sort4" relativePoint="RIGHT">
						<Offset>
							<AbsDimension x="0" y="0"/>
						</Offset>
					</Anchor>
				</Anchors>
			</Button>
			<Button name="$parent_Sort6" inherits="AltoSortButtonTemplate" hidden="true" id="6" text="Heal">
				<Size>
					<AbsDimension x="50" y="19"/>
				</Size>
				<Anchors>
					<Anchor point="LEFT" relativeTo="$parent_Sort5" relativePoint="RIGHT">
						<Offset>
							<AbsDimension x="0" y="0"/>
						</Offset>
					</Anchor>
				</Anchors>
			</Button>
			<Button name="$parent_Sort7" inherits="AltoSortButtonTemplate" hidden="true" id="7" text="Pow">
				<Size>
					<AbsDimension x="50" y="19"/>
				</Size>
				<Anchors>
					<Anchor point="LEFT" relativeTo="$parent_Sort6" relativePoint="RIGHT">
						<Offset>
							<AbsDimension x="0" y="0"/>
						</Offset>
					</Anchor>
				</Anchors>
			</Button>
			<Button name="$parent_Sort8" inherits="AltoSortButtonTemplate" hidden="true" id="8" text="iLvl">
				<Size>
					<AbsDimension x="50" y="19"/>
				</Size>
				<Anchors>
					<Anchor point="LEFT" relativeTo="$parent_Sort7" relativePoint="RIGHT">
						<Offset>
							<AbsDimension x="0" y="0"/>
						</Offset>
					</Anchor>
				</Anchors>
			</Button>
			
		</Frames>
		<Scripts>
			<OnShow>
				Altoholic:SearchMenu_Update()
			</OnShow>
		</Scripts>
	</Frame>
	
	<Script file="TabSearch.lua"></Script>
</Ui>