<Ui xmlns="http://www.blizzard.com/wow/ui/" xmlns:xsi="http://www.w3.org/2001/XMLSchema-instance" xsi:schemaLocation="http://www.blizzard.com/wow/ui/
..\FrameXML\UI.xsd">

<Script file="Plugins\Comm.lua"/>
<Script file="Plugins\Colors.lua"/>
<Script file="Plugins\TargetMonitor.lua"/>
<Script file="Plugins\Bars.lua"/>
<Script file="Plugins\Messages.lua"/>
<Script file="Plugins\Sound.lua"/>
<Script file="Plugins\RaidWarn.lua"/>
<Script file="Plugins\BossBlock.lua"/>
<Script file="Plugins\RaidIcon.lua"/>

<Script file="Extras\CustomBar.lua"/>
<Script file="Extras\Tranq.lua"/>
<Script file="Extras\Proximity.lua"/>
<Script file="Extras\Version.lua"/>
<Script file="Extras\Test.lua"/>
<Script file="Extras\Flash.lua"/>

<Script file="Outland\Doomwalker.lua"/>
<Script file="Outland\Kazzak.lua"/>
<Script file="Outland\Gruul.lua"/>
<Script file="Outland\Maulgar.lua"/>
<Script file="Outland\Magtheridon.lua"/>

<Script file="Karazhan\Curator.lua"/>
<Script file="Karazhan\Hyakiss.lua"/>
<Script file="Karazhan\Malchezaar.lua"/>
<Script file="Karazhan\ShadeOfAran.lua"/>
<Script file="Karazhan\Terestian.lua"/>
<Script file="Karazhan\TheBigBadWolf.lua"/>
<Script file="Karazhan\RomuloJulianne.lua"/>
<Script file="Karazhan\Moroes.lua"/>
<Script file="Karazhan\Attumen.lua"/>
<Script file="Karazhan\Maiden.lua"/>
<Script file="Karazhan\WizardofOz.lua"/>
<Script file="Karazhan\Netherspite.lua"/>
<Script file="Karazhan\Nightbane.lua"/>

<Script file="SC\Hydross.lua"/>
<Script file="SC\Karathress.lua"/>
<Script file="SC\Leotheras.lua"/>
<Script file="SC\Morogrim.lua"/>
<Script file="SC\Lurker.lua"/>
<Script file="SC\Vashj.lua"/>

<Script file="TheEye\Alar.lua"/>
<Script file="TheEye\Reaver.lua"/>
<Script file="TheEye\Kaelthas.lua"/>
<Script file="TheEye\Solarian.lua"/>

<Script file="BlackTemple\Najentus.lua"/>
<Script file="BlackTemple\Gurtogg.lua"/>
<Script file="BlackTemple\Supremus.lua"/>
<Script file="BlackTemple\Teron.lua"/>
<Script file="BlackTemple\Souls.lua"/>
<Script file="BlackTemple\Shahraz.lua"/>
<Script file="BlackTemple\Council.lua"/>
<Script file="BlackTemple\Illidan.lua"/>

<Script file="Hyjal\Anetheron.lua"/>
<Script file="Hyjal\Winterchill.lua"/>
<Script file="Hyjal\Azgalor.lua"/>
<Script file="Hyjal\Archimonde.lua"/>
<Script file="Hyjal\Kazrogal.lua"/>
<Script file="Hyjal\HyjalSummit.lua"/>

<Script file="ZulAman\Nalorakk.lua"/>
<Script file="ZulAman\Halazzi.lua"/>
<Script file="ZulAman\Jan'alai.lua"/>
<Script file="ZulAman\Akil'zon.lua"/>
<Script file="ZulAman\Malacrass.lua"/>
<Script file="ZulAman\Zul'jin.lua"/>

<Script file="Sunwell\Kalecgos.lua"/>
<Script file="Sunwell\Brutallus.lua"/>
<Script file="Sunwell\Felmyst.lua"/>
<Script file="Sunwell\Twins.lua"/>
<Script file="Sunwell\Muru.lua"/>
<Script file="Sunwell\KilJaeden.lua"/>

</Ui>